{"info":{"app":"painterv3","date":"2020-10-09T16:55:56.548Z","id":233193,"author":"Blindman67 blindmanmag4@gmail.com","copyright":"All content copyright Blindman67, All rights reserved. 2018-2020","scene":"HEADLESS_RIG","type":"scene"},"scene":{"sprites":[{"name":"Cutter02","id":233185,"x":55.3,"y":188.91,"w":16,"h":27.63,"rx":6.29106,"ry":7.861856,"gridSpecial":2,"attachedTo":233189,"attachment":{"x":4.04,"y":17.89,"rx":0,"ry":1.571,"ir":true},"type":"cutter"},{"name":"Cutter03","id":233186,"x":57.03,"y":130.89,"w":16,"h":45.27,"rx":0.069271,"ry":1.640068,"gridSpecial":2,"attachedTo":233188,"attachment":{"x":3.82,"y":-18.35,"rx":0,"ry":1.571,"ir":true},"type":"cutter"},{"name":"Hip","id":233184,"x":55.25,"y":203.25,"w":51.75,"h":19.4,"rx":6.29106,"ry":7.861856,"gridSpecial":4,"attachedTo":233185,"attachment":{"x":8.06,"y":28.15,"rx":0,"ry":1.571,"ir":true},"type":"cutter"},{"name":"Sholder","id":233183,"x":58.72,"y":108.22,"w":51.75,"h":19.4,"rx":3.242605,"ry":4.813402,"gridSpecial":4,"attachedTo":233186,"attachment":{"x":8.12,"y":-0.1,"rx":3.173,"ry":4.744,"ir":true},"type":"cutter"},{"name":"Right Hand","id":233142,"x":158.17,"y":162.8,"w":32,"h":32,"rx":-1.570796,"ry":0,"locks":{"scale":true,"rotate":true},"rgb":"#ff0000","gridSpecial":4,"namedInLink":true,"type":"cutter"},{"name":"Right Sholder01","id":233143,"x":83.23,"y":100.42,"w":32,"h":32,"rx":-0.171845,"ry":1.398952,"locks":{"scale":true,"rotate":true},"rgb":"#ff0000","gridSpecial":6,"namedInLink":true,"attachedTo":233183,"attachment":{"x":2.28,"y":19.93,"rx":-1.05,"ry":0.521},"type":"cutter"},{"name":"Look To Foot","id":233144,"x":83.23,"y":100.42,"w":16,"h":16,"rx":2.264946,"ry":3.835742,"locks":{"scale":true,"rotate":true,"UI":true},"hideOutline":true,"rgb":"#ff0000","gridSpecial":5,"lookat":[233142,1.5707963267948966,0],"attachedTo":233143,"attachment":{"x":16,"y":16,"rx":0,"ry":1.571},"type":"cutter"},{"name":"Right Arm","id":233145,"x":88.7,"y":131.95,"w":16,"h":64,"rx":-0.171845,"ry":1.399156,"locks":{"scale":true,"rotate":true,"UI":true},"hideOutline":true,"rgb":"#ff0000","gridSpecial":2,"attachedTo":233143,"attachment":{"x":16,"y":48,"rx":0,"ry":1.571,"ir":true},"type":"cutter"},{"name":"Right Elbo","id":233146,"x":94.17,"y":163.48,"w":8,"h":8,"rx":-1.581449,"ry":-0.010653,"locks":{"scale":true,"rotate":true,"UI":true},"hideOutline":true,"rgb":"#ff0000","gridSpecial":3,"attachedTo":233145,"attachment":{"x":8,"y":64,"rx":0,"ry":1.571},"type":"cutter"},{"name":"Right Fore Arm","id":233147,"x":126.17,"y":163.14,"w":16,"h":64,"rx":-1.581449,"ry":-0.01045,"locks":{"scale":true,"rotate":true,"UI":true},"hideOutline":true,"rgb":"#ff0000","gridSpecial":2,"attachedTo":233146,"attachment":{"x":4,"y":36,"rx":0,"ry":1.571,"ir":true},"type":"cutter"},{"name":"Bend Direction","id":233148,"x":750,"y":-511,"w":17.8,"h":38.4,"locks":{"scale":true,"rotate":true},"rgb":"#ff0000","namedInLink":true,"type":"text","textId":233178},{"name":"IK Arm function link","id":233149,"x":586,"y":-501,"w":96,"h":16,"locks":{"scale":true,"rotate":true},"rgb":"#ff0000","type":"fLink","fLink":{"inputs":[233145,233147,233142,233143,233146,233148,233144],"outputs":[233146,233145,233147,233143],"linked":[233142,233143,233144,233145,233146,233147,233148],"source":"var spr233145, spr233146, spr233147, spr233142, spr233143, spr233144, spr233148;\nvar linkCount = 0, linksCount = 0;\nconst spriteIDS = [233145, 233146, 233147, 233142, 233143, 233148, 233144];\nconst spriteList = sprites.createIdMapOf(spriteIDS);\nconst vals = [];\nfunction update() {\n    var x,y, roff,angle;\n    if (!API.active) { return }\n    const dir = -(spr233148.type.text ? (isNaN(spr233148.textInfo.text) ? 0 : Number(spr233148.textInfo.text)) : 0);\n    const h1 = (spr233145.type.normalisable ? spr233145.h : spr233145.h * spr233145.sy);\n    const h2 = (spr233147.type.normalisable ? spr233147.h : spr233147.h * spr233147.sy);\n    x = spr233142.x - spr233143.x;\n    y = spr233142.y - spr233143.y;\n    const h22 = h2 * h2;\n    const h11 = h1 * h1;\n    const h33 = x * x + y * y;\n    const ab21 = (h1 * Math.sqrt(h33)) * 2;\n    const ab22 = (h1 * h2) * 2;\n    spr233146.type.attached && (spr233146.attachment.y = h1, spr233146.attachment.position());\n    x = ((spr233143.type.normalisable ? spr233143.w : spr233143.w * spr233143.sx)) * 0.5;\n    y = ((spr233143.type.normalisable ? spr233143.h : spr233143.h * spr233143.sy) + h1) * 0.5;\n    spr233145.type.attached && (spr233145.attachment.x = x, spr233145.attachment.y = y, spr233145.attachment.position());\n    spr233145.key.update();\n    x = ((spr233146.type.normalisable ? spr233146.w : spr233146.w * spr233146.sx)) * 0.5;\n    y = ((spr233146.type.normalisable ? spr233146.h : spr233146.h * spr233146.sy) + h2) * 0.5;\n    spr233147.type.attached && (spr233147.attachment.x = x, spr233147.attachment.y = y, spr233147.attachment.position());\n    spr233147.key.update();\n    angle = spr233144.rx + dir * Math.acosc((h22 - (h11 + h33)) / (ab21 ? ab21 : 1));\n    roff = spr233143.ry - spr233143.rx;\n    spr233143.rx = angle;\n    spr233143.ry = angle + roff;\n    spr233143.key.update();\n    angle += dir * Math.acosc((h33 - (h11 + h22)) / (ab22 ? ab22 : 1));\n    roff = spr233146.ry - spr233146.rx;\n    spr233146.rx = angle;\n    spr233146.ry = angle + roff;\n    spr233146.key.update();\n    API.updateWidget = spr233145.selected || spr233146.selected || spr233147.selected || spr233143.selected;\n}\nfunction getSprite(id) {\n    const spr = spriteList.get(id);\n    linksCount ++;\n    if(spr) { linkCount ++ }\n    return spr;\n}\nfunction setSprites() {\n    linksCount = linkCount = 0\n    spr233145 = getSprite(233145);\n    spr233146 = getSprite(233146);\n    spr233147 = getSprite(233147);\n    spr233142 = getSprite(233142);\n    spr233143 = getSprite(233143);\n    spr233148 = getSprite(233148);\n    spr233144 = getSprite(233144);\n    API.active = linksCount === linkCount;\n    reset();\n}\nfunction reset() {}\nconst API = {\n    updateWidget:false,\n    active: false,\n    reset, spriteIDS, spriteList, update,\n    inputs: [['Foot',233142], ['Top',233143], ['Direction',233148]],\n    outputs: [],\n    bind(spr, id) {\n        if(spriteList.has(id)) {\n            spriteList.set(id,spr);\n            setSprites();\n        }\n    },\n    getById(id) { return spriteList.get(id) },\n};\nsetSprites();\nreturn API;","textColor":"#FFF","type":"Compiled"}},{"name":"Left Hand","id":233150,"x":-3.73,"y":177.18,"w":32,"h":32,"rx":-1.570796,"ry":0,"locks":{"scale":true,"rotate":true},"rgb":"#00ff00","gridSpecial":4,"namedInLink":true,"type":"cutter"},{"name":"Left Sholder","id":233151,"x":37.39,"y":96.52,"w":32,"h":32,"rx":1.256613,"ry":2.82741,"locks":{"scale":true,"rotate":true},"rgb":"#00ff00","gridSpecial":6,"namedInLink":true,"attachedTo":233183,"attachment":{"x":48.28,"y":19.19,"rx":1.61,"ry":3.181},"type":"cutter"},{"name":"Look To Foot","id":233152,"x":37.39,"y":96.52,"w":16,"h":16,"rx":3.613122,"ry":5.183918,"locks":{"scale":true,"rotate":true,"UI":true},"hideOutline":true,"rgb":"#00ff00","gridSpecial":5,"lookat":[233150,1.5707963267948966,0],"attachedTo":233151,"attachment":{"x":16,"y":16,"rx":0,"ry":1.571},"type":"cutter"},{"name":"Left Arm","id":233153,"x":6.96,"y":106.41,"w":16,"h":64,"rx":1.256613,"ry":2.827614,"locks":{"scale":true,"rotate":true,"UI":true},"hideOutline":true,"rgb":"#00ff00","gridSpecial":2,"attachedTo":233151,"attachment":{"x":16,"y":48,"rx":0,"ry":1.571,"ir":true},"type":"cutter"},{"name":"Left Elbo","id":233154,"x":-23.48,"y":116.29,"w":8,"h":8,"rx":-0.313554,"ry":1.257242,"locks":{"scale":true,"rotate":true,"UI":true},"hideOutline":true,"rgb":"#00ff00","gridSpecial":3,"attachedTo":233153,"attachment":{"x":8,"y":64,"rx":0,"ry":1.571},"type":"cutter"},{"name":"Left Fore Arm","id":233155,"x":-13.61,"y":146.73,"w":16,"h":64,"rx":-0.313554,"ry":1.257445,"locks":{"scale":true,"rotate":true,"UI":true},"hideOutline":true,"rgb":"#00ff00","gridSpecial":2,"attachedTo":233154,"attachment":{"x":4,"y":36,"rx":0,"ry":1.571,"ir":true},"type":"cutter"},{"name":"Bend Direction","id":233156,"x":750,"y":-472.6,"w":17.8,"h":38.4,"locks":{"scale":true,"rotate":true},"rgb":"#00ff00","namedInLink":true,"type":"text","textId":233179},{"name":"IK Arm function link","id":233157,"x":586,"y":-475,"w":96,"h":16,"locks":{"scale":true,"rotate":true},"rgb":"#00ff00","type":"fLink","fLink":{"inputs":[233153,233155,233150,233151,233154,233156,233152],"outputs":[233154,233153,233155,233151],"linked":[233150,233151,233152,233153,233154,233155,233156],"source":"var spr233153, spr233154, spr233155, spr233150, spr233151, spr233152, spr233156;\nvar linkCount = 0, linksCount = 0;\nconst spriteIDS = [233153, 233154, 233155, 233150, 233151, 233156, 233152];\nconst spriteList = sprites.createIdMapOf(spriteIDS);\nconst vals = [];\nfunction update() {\n    var x,y, roff,angle;\n    if (!API.active) { return }\n    const dir = -(spr233156.type.text ? (isNaN(spr233156.textInfo.text) ? 0 : Number(spr233156.textInfo.text)) : 0);\n    const h1 = (spr233153.type.normalisable ? spr233153.h : spr233153.h * spr233153.sy);\n    const h2 = (spr233155.type.normalisable ? spr233155.h : spr233155.h * spr233155.sy);\n    x = spr233150.x - spr233151.x;\n    y = spr233150.y - spr233151.y;\n    const h22 = h2 * h2;\n    const h11 = h1 * h1;\n    const h33 = x * x + y * y;\n    const ab21 = (h1 * Math.sqrt(h33)) * 2;\n    const ab22 = (h1 * h2) * 2;\n    spr233154.type.attached && (spr233154.attachment.y = h1, spr233154.attachment.position());\n    x = ((spr233151.type.normalisable ? spr233151.w : spr233151.w * spr233151.sx)) * 0.5;\n    y = ((spr233151.type.normalisable ? spr233151.h : spr233151.h * spr233151.sy) + h1) * 0.5;\n    spr233153.type.attached && (spr233153.attachment.x = x, spr233153.attachment.y = y, spr233153.attachment.position());\n    spr233153.key.update();\n    x = ((spr233154.type.normalisable ? spr233154.w : spr233154.w * spr233154.sx)) * 0.5;\n    y = ((spr233154.type.normalisable ? spr233154.h : spr233154.h * spr233154.sy) + h2) * 0.5;\n    spr233155.type.attached && (spr233155.attachment.x = x, spr233155.attachment.y = y, spr233155.attachment.position());\n    spr233155.key.update();\n    angle = spr233152.rx + dir * Math.acosc((h22 - (h11 + h33)) / (ab21 ? ab21 : 1));\n    roff = spr233151.ry - spr233151.rx;\n    spr233151.rx = angle;\n    spr233151.ry = angle + roff;\n    spr233151.key.update();\n    angle += dir * Math.acosc((h33 - (h11 + h22)) / (ab22 ? ab22 : 1));\n    roff = spr233154.ry - spr233154.rx;\n    spr233154.rx = angle;\n    spr233154.ry = angle + roff;\n    spr233154.key.update();\n    API.updateWidget = spr233153.selected || spr233154.selected || spr233155.selected || spr233151.selected;\n}\nfunction getSprite(id) {\n    const spr = spriteList.get(id);\n    linksCount ++;\n    if(spr) { linkCount ++ }\n    return spr;\n}\nfunction setSprites() {\n    linksCount = linkCount = 0\n    spr233153 = getSprite(233153);\n    spr233154 = getSprite(233154);\n    spr233155 = getSprite(233155);\n    spr233150 = getSprite(233150);\n    spr233151 = getSprite(233151);\n    spr233156 = getSprite(233156);\n    spr233152 = getSprite(233152);\n    API.active = linksCount === linkCount;\n    reset();\n}\nfunction reset() {}\nconst API = {\n    updateWidget:false,\n    active: false,\n    reset, spriteIDS, spriteList, update,\n    inputs: [['Foot',233150], ['Top',233151], ['Direction',233156]],\n    outputs: [],\n    bind(spr, id) {\n        if(spriteList.has(id)) {\n            spriteList.set(id,spr);\n            setSprites();\n        }\n    },\n    getById(id) { return spriteList.get(id) },\n};\nsetSprites();\nreturn API;","textColor":"#FFF","type":"Compiled"}},{"name":"Right Foot","id":233158,"x":101.29,"y":302.34,"w":32,"h":32,"locks":{"scale":true,"rotate":true},"rgb":"#ffff00","gridSpecial":4,"namedInLink":true,"type":"cutter"},{"name":"Right Hip","id":233159,"x":77.99,"y":213.07,"w":32,"h":32,"rx":5.261959,"ry":6.832756,"locks":{"scale":true,"rotate":true},"rgb":"#ffff00","gridSpecial":6,"namedInLink":true,"attachedTo":233184,"attachment":{"x":48.69,"y":19.35,"rx":6.246,"ry":7.817},"type":"cutter"},{"name":"Look To Foot","id":233160,"x":77.99,"y":213.07,"w":16,"h":16,"rx":2.886279,"ry":4.457075,"locks":{"scale":true,"rotate":true,"UI":true},"hideOutline":true,"rgb":"#ffff00","gridSpecial":5,"lookat":[233158,1.5707963267948966,0],"attachedTo":233159,"attachment":{"x":16,"y":16,"rx":0,"ry":1.571},"type":"cutter"},{"name":"Right Leg","id":233161,"x":105.28,"y":229.79,"w":16,"h":64,"rx":5.261959,"ry":6.83296,"locks":{"scale":true,"rotate":true,"UI":true},"hideOutline":true,"rgb":"#ffff00","gridSpecial":2,"attachedTo":233159,"attachment":{"x":16,"y":48,"rx":0,"ry":1.571,"ir":true},"type":"cutter"},{"name":"Right Knee","id":233162,"x":132.56,"y":246.51,"w":8,"h":8,"rx":6.793783,"ry":8.36458,"locks":{"scale":true,"rotate":true,"UI":true},"hideOutline":true,"rgb":"#ffff00","gridSpecial":3,"attachedTo":233161,"attachment":{"x":8,"y":64,"rx":0,"ry":1.571},"type":"cutter"},{"name":"Right Low Leg","id":233163,"x":116.92,"y":274.43,"w":16,"h":64,"rx":6.793783,"ry":8.364784,"locks":{"scale":true,"rotate":true,"UI":true},"hideOutline":true,"rgb":"#ffff00","gridSpecial":2,"attachedTo":233162,"attachment":{"x":4,"y":36,"rx":0,"ry":1.571,"ir":true},"type":"cutter"},{"name":"Bend Direction","id":233164,"x":750,"y":-434.2,"w":28.45,"h":38.4,"locks":{"scale":true,"rotate":true},"rgb":"#ffff00","namedInLink":true,"type":"text","textId":233180},{"name":"IK Arm function link","id":233165,"x":586,"y":-434,"w":96,"h":16,"locks":{"scale":true,"rotate":true},"rgb":"#ffff00","type":"fLink","fLink":{"inputs":[233161,233163,233158,233159,233162,233164,233160],"outputs":[233162,233161,233163,233159],"linked":[233158,233159,233160,233161,233162,233163,233164],"source":"var spr233161, spr233162, spr233163, spr233158, spr233159, spr233160, spr233164;\nvar linkCount = 0, linksCount = 0;\nconst spriteIDS = [233161, 233162, 233163, 233158, 233159, 233164, 233160];\nconst spriteList = sprites.createIdMapOf(spriteIDS);\nconst vals = [];\nfunction update() {\n    var x,y, roff,angle;\n    if (!API.active) { return }\n    const dir = -(spr233164.type.text ? (isNaN(spr233164.textInfo.text) ? 0 : Number(spr233164.textInfo.text)) : 0);\n    const h1 = (spr233161.type.normalisable ? spr233161.h : spr233161.h * spr233161.sy);\n    const h2 = (spr233163.type.normalisable ? spr233163.h : spr233163.h * spr233163.sy);\n    x = spr233158.x - spr233159.x;\n    y = spr233158.y - spr233159.y;\n    const h22 = h2 * h2;\n    const h11 = h1 * h1;\n    const h33 = x * x + y * y;\n    const ab21 = (h1 * Math.sqrt(h33)) * 2;\n    const ab22 = (h1 * h2) * 2;\n    spr233162.type.attached && (spr233162.attachment.y = h1, spr233162.attachment.position());\n    x = ((spr233159.type.normalisable ? spr233159.w : spr233159.w * spr233159.sx)) * 0.5;\n    y = ((spr233159.type.normalisable ? spr233159.h : spr233159.h * spr233159.sy) + h1) * 0.5;\n    spr233161.type.attached && (spr233161.attachment.x = x, spr233161.attachment.y = y, spr233161.attachment.position());\n    spr233161.key.update();\n    x = ((spr233162.type.normalisable ? spr233162.w : spr233162.w * spr233162.sx)) * 0.5;\n    y = ((spr233162.type.normalisable ? spr233162.h : spr233162.h * spr233162.sy) + h2) * 0.5;\n    spr233163.type.attached && (spr233163.attachment.x = x, spr233163.attachment.y = y, spr233163.attachment.position());\n    spr233163.key.update();\n    angle = spr233160.rx + dir * Math.acosc((h22 - (h11 + h33)) / (ab21 ? ab21 : 1));\n    roff = spr233159.ry - spr233159.rx;\n    spr233159.rx = angle;\n    spr233159.ry = angle + roff;\n    spr233159.key.update();\n    angle += dir * Math.acosc((h33 - (h11 + h22)) / (ab22 ? ab22 : 1));\n    roff = spr233162.ry - spr233162.rx;\n    spr233162.rx = angle;\n    spr233162.ry = angle + roff;\n    spr233162.key.update();\n    API.updateWidget = spr233161.selected || spr233162.selected || spr233163.selected || spr233159.selected;\n}\nfunction getSprite(id) {\n    const spr = spriteList.get(id);\n    linksCount ++;\n    if(spr) { linkCount ++ }\n    return spr;\n}\nfunction setSprites() {\n    linksCount = linkCount = 0\n    spr233161 = getSprite(233161);\n    spr233162 = getSprite(233162);\n    spr233163 = getSprite(233163);\n    spr233158 = getSprite(233158);\n    spr233159 = getSprite(233159);\n    spr233164 = getSprite(233164);\n    spr233160 = getSprite(233160);\n    API.active = linksCount === linkCount;\n    reset();\n}\nfunction reset() {}\nconst API = {\n    updateWidget:false,\n    active: false,\n    reset, spriteIDS, spriteList, update,\n    inputs: [['Foot',233158], ['Top',233159], ['Direction',233164]],\n    outputs: [],\n    bind(spr, id) {\n        if(spriteList.has(id)) {\n            spriteList.set(id,spr);\n            setSprites();\n        }\n    },\n    getById(id) { return spriteList.get(id) },\n};\nsetSprites();\nreturn API;","textColor":"#FFF","type":"Compiled"}},{"name":"Left Foot","id":233166,"x":-20.17,"y":304.81,"w":32,"h":32,"locks":{"scale":true,"rotate":true},"rgb":"#00f0f0","gridSpecial":4,"namedInLink":true,"type":"cutter"},{"name":"Left Hip","id":233167,"x":31.69,"y":212.77,"w":32,"h":32,"rx":6.196346,"ry":7.767142,"locks":{"scale":true,"rotate":true},"rgb":"#00f0f0","gridSpecial":6,"namedInLink":true,"attachedTo":233184,"attachment":{"x":2.39,"y":19.41,"rx":6.221,"ry":7.792},"type":"cutter"},{"name":"Look To Foot","id":233168,"x":31.69,"y":212.77,"w":16,"h":16,"rx":3.654766,"ry":5.225562,"locks":{"scale":true,"rotate":true,"UI":true},"hideOutline":true,"rgb":"#00f0f0","gridSpecial":5,"lookat":[233166,1.5707963267948966,0],"attachedTo":233167,"attachment":{"x":16,"y":16,"rx":0,"ry":1.571},"type":"cutter"},{"name":"Left Leg","id":233169,"x":34.47,"y":244.65,"w":16,"h":64,"rx":6.196346,"ry":7.767346,"locks":{"scale":true,"rotate":true,"UI":true},"hideOutline":true,"rgb":"#00f0f0","gridSpecial":2,"attachedTo":233167,"attachment":{"x":16,"y":48,"rx":0,"ry":1.571,"ir":true},"type":"cutter"},{"name":"Left Knee","id":233170,"x":37.23,"y":276.53,"w":8,"h":8,"rx":7.396371,"ry":8.967167,"locks":{"scale":true,"rotate":true,"UI":true},"hideOutline":true,"rgb":"#00f0f0","gridSpecial":3,"attachedTo":233169,"attachment":{"x":8,"y":64,"rx":0,"ry":1.571},"type":"cutter"},{"name":"Left Low Leg","id":233171,"x":8.53,"y":290.67,"w":16,"h":64,"rx":7.396371,"ry":8.96737,"locks":{"scale":true,"rotate":true,"UI":true},"hideOutline":true,"rgb":"#00f0f0","gridSpecial":2,"attachedTo":233170,"attachment":{"x":4,"y":36,"rx":0,"ry":1.571,"ir":true},"type":"cutter"},{"name":"Bend Direction","id":233172,"x":750,"y":-395.8,"w":28.45,"h":38.4,"locks":{"scale":true,"rotate":true},"rgb":"#00f0f0","namedInLink":true,"type":"text","textId":233181},{"name":"IK Arm function link","id":233173,"x":586,"y":-409,"w":96,"h":16,"locks":{"scale":true,"rotate":true},"rgb":"#00f0f0","type":"fLink","fLink":{"inputs":[233169,233171,233166,233167,233170,233172,233168],"outputs":[233170,233169,233171,233167],"linked":[233166,233167,233168,233169,233170,233171,233172],"source":"var spr233169, spr233170, spr233171, spr233166, spr233167, spr233168, spr233172;\nvar linkCount = 0, linksCount = 0;\nconst spriteIDS = [233169, 233170, 233171, 233166, 233167, 233172, 233168];\nconst spriteList = sprites.createIdMapOf(spriteIDS);\nconst vals = [];\nfunction update() {\n    var x,y, roff,angle;\n    if (!API.active) { return }\n    const dir = -(spr233172.type.text ? (isNaN(spr233172.textInfo.text) ? 0 : Number(spr233172.textInfo.text)) : 0);\n    const h1 = (spr233169.type.normalisable ? spr233169.h : spr233169.h * spr233169.sy);\n    const h2 = (spr233171.type.normalisable ? spr233171.h : spr233171.h * spr233171.sy);\n    x = spr233166.x - spr233167.x;\n    y = spr233166.y - spr233167.y;\n    const h22 = h2 * h2;\n    const h11 = h1 * h1;\n    const h33 = x * x + y * y;\n    const ab21 = (h1 * Math.sqrt(h33)) * 2;\n    const ab22 = (h1 * h2) * 2;\n    spr233170.type.attached && (spr233170.attachment.y = h1, spr233170.attachment.position());\n    x = ((spr233167.type.normalisable ? spr233167.w : spr233167.w * spr233167.sx)) * 0.5;\n    y = ((spr233167.type.normalisable ? spr233167.h : spr233167.h * spr233167.sy) + h1) * 0.5;\n    spr233169.type.attached && (spr233169.attachment.x = x, spr233169.attachment.y = y, spr233169.attachment.position());\n    spr233169.key.update();\n    x = ((spr233170.type.normalisable ? spr233170.w : spr233170.w * spr233170.sx)) * 0.5;\n    y = ((spr233170.type.normalisable ? spr233170.h : spr233170.h * spr233170.sy) + h2) * 0.5;\n    spr233171.type.attached && (spr233171.attachment.x = x, spr233171.attachment.y = y, spr233171.attachment.position());\n    spr233171.key.update();\n    angle = spr233168.rx + dir * Math.acosc((h22 - (h11 + h33)) / (ab21 ? ab21 : 1));\n    roff = spr233167.ry - spr233167.rx;\n    spr233167.rx = angle;\n    spr233167.ry = angle + roff;\n    spr233167.key.update();\n    angle += dir * Math.acosc((h33 - (h11 + h22)) / (ab22 ? ab22 : 1));\n    roff = spr233170.ry - spr233170.rx;\n    spr233170.rx = angle;\n    spr233170.ry = angle + roff;\n    spr233170.key.update();\n    API.updateWidget = spr233169.selected || spr233170.selected || spr233171.selected || spr233167.selected;\n}\nfunction getSprite(id) {\n    const spr = spriteList.get(id);\n    linksCount ++;\n    if(spr) { linkCount ++ }\n    return spr;\n}\nfunction setSprites() {\n    linksCount = linkCount = 0\n    spr233169 = getSprite(233169);\n    spr233170 = getSprite(233170);\n    spr233171 = getSprite(233171);\n    spr233166 = getSprite(233166);\n    spr233167 = getSprite(233167);\n    spr233172 = getSprite(233172);\n    spr233168 = getSprite(233168);\n    API.active = linksCount === linkCount;\n    reset();\n}\nfunction reset() {}\nconst API = {\n    updateWidget:false,\n    active: false,\n    reset, spriteIDS, spriteList, update,\n    inputs: [['Foot',233166], ['Top',233167], ['Direction',233172]],\n    outputs: [],\n    bind(spr, id) {\n        if(spriteList.has(id)) {\n            spriteList.set(id,spr);\n            setSprites();\n        }\n    },\n    getById(id) { return spriteList.get(id) },\n};\nsetSprites();\nreturn API;","textColor":"#FFF","type":"Compiled"}},{"name":"Cutter05","id":233187,"x":55.41,"y":165.02,"w":32,"h":32,"type":"cutter"},{"name":"UpperBHing","id":233188,"x":55.66,"y":153.2,"w":8,"h":8,"rx":0.069271,"ry":1.640068,"gridSpecial":3,"lookat":[233190,0.5372969050928263,0],"attachedTo":233187,"attachment":{"x":16.25,"y":4.17,"rx":0,"ry":1.571},"type":"cutter"},{"name":"LowerBHinge","id":233189,"x":55.37,"y":175.02,"w":8,"h":8,"rx":6.29106,"ry":7.861856,"gridSpecial":3,"lookat":[233191,3.966447885538935,0],"attachedTo":233187,"attachment":{"x":15.96,"y":26,"rx":0,"ry":1.571},"type":"cutter"},{"name":"UpperLookAt","id":233190,"x":124.25,"y":118.53,"w":16,"h":16,"rgb":"#88ff00","gridSpecial":6,"type":"cutter"},{"name":"LowerLookAt","id":233191,"x":-3.69,"y":237.94,"w":16,"h":16,"rgb":"#0088ff","gridSpecial":6,"type":"cutter"}],"vectors":[],"groups":[],"collections":[{"name":"Right Arm","guid":233174,"children":[233142,233143,233144,233145,233146,233147,233148,233149]},{"name":"Left Arm","guid":233175,"children":[233150,233151,233152,233153,233154,233155,233156,233157]},{"name":"Right Leg","guid":233176,"children":[233158,233159,233160,233161,233162,233163,233164,233165]},{"name":"Left Leg","guid":233177,"children":[233166,233167,233168,233169,233170,233171,233172,233173]},{"name":"IK_ARMS_LEGS","guid":233182,"children":[233142,233143,233144,233145,233146,233147,233148,233149,233150,233151,233152,233153,233154,233155,233156,233157,233158,233159,233160,233161,233162,233163,233164,233165,233166,233167,233168,233169,233170,233171,233172,233173]},{"name":"Back","guid":233192,"children":[233185,233186,233184,233183,233187,233188,233189,233190,233191]}],"timeline":{"keyStore":{"names":[],"keyIds":[]}},"animation":{"time":0,"start":0,"end":120,"length":120,"speed":1},"kinematics":[],"text":[{"text":"1","id":233178},{"text":"1","id":233179},{"text":"-1","id":233180},{"text":"-1","id":233181}],"media":[]}}