{
    "info": {
        "app": "painterv3",
        "date": "2020-01-20T15:19:22.031Z",
        "id": 5536,
        "author": "Blindman67",
        "copyright": "All content copyright Blindman67. All rights reserved. 2018 - 2020",
        "scene": "lineGadget",
        "type": "scene",
        "loadedCommands": ["edSprResetView","edSpriteActivateFunctionLinks"]
    },
    "scene": {
        "sprites": [{
                "name": "leftHandle",
                "id": 5520,
                "x": 0,
                "y": 0,
                "w": 32,
                "h": 32,
                "ry": 1.570796,
                "locks": {
                    "scale": true,
                    "rotate": true
                },
                "namedInLink": true,
                "type": "cutter"
            }, {
                "name": "rightHandle",
                "id": 5521,
                "x": 200,
                "y": 0,
                "w": 32,
                "h": 32,
                "ry": 1.570796,
                "locks": {
                    "scale": true,
                    "rotate": true
                },
                "namedInLink": true,
                "type": "cutter"
            }, {
                "name": "line",
                "id": 5522,
                "x": 0,
                "y": 0,
                "w": 200,
                "h": 2,
                "rx": 0.039915,
                "ry": 1.610711,
                "locks": {
                    "scale": true,
                    "rotate": true
                },
                "namedOutLink": true,
                "type": "shape",
                "shape": {
                    "name": "arrow",
                    "id": 5523
                }
            }, {
                "name": "Line",
                "id": 5534,
                "x": 239.94,
                "y": 6.68,
                "w": 96,
                "h": 16,
                "ry": 1.570796,
                "locks": {
                    "scale": true,
                    "rotate": true
                },
                "rgb": "#88ff88",
                "type": "fLink",
                "fLink": {
                    "inputs": [5521, 5520],
                    "outputs": [5522],
                    "linked": [5520, 5521, 5522],
                    "source": "var rightHandleIn, leftHandleIn, lineOut, linkCount = 0, linksCount = 0;\nconst spriteIDS = [5521, 5520, 5522], spriteList = sprites.createIdMapOf(spriteIDS);\nconst vals = [];\nfunction update() {\n    if (!API.active) { return }\n    const dx = (rightHandleIn.x - leftHandleIn.x) * 0.5;\n    const dy = (rightHandleIn.y - leftHandleIn.y) * 0.5;\n    const len = Math.hypot(dx, dy)  * 2;\n    const dir = Math.atan2(dy, dx);\n    lineOut.setScale(len / lineOut.w, lineOut.sy);\n    lineOut.setRotateFix(dir);\n    lineOut.x = dx + leftHandleIn.x;\n    lineOut.y = dy + leftHandleIn.y;\n    lineOut.key.update();\n    API.updateWidget = lineOut.selected;\n}\n\nfunction getSprite(id) {\n    const spr = spriteList.get(id);\n    linksCount ++;\n    if(spr) { linkCount ++ }\n    return spr;\n}\nfunction setSprites() {\n    linksCount = linkCount = 0\n    rightHandleIn = getSprite(5521);\n    leftHandleIn = getSprite(5520);\n    lineOut = getSprite(5522);\n    API.active = linksCount === linkCount;\n    reset();\n}\nfunction reset() {}\nconst API = {\n    updateWidget:false,\n    active: false,\n    reset,\n    spriteIDS,\n    spriteList,\n    inputs: [['rightHandle',5521], ['leftHandle',5520]],\n    outputs: [['line',5522]],\n    bind(spr, id) {\n        if(spriteList.has(id)) {\n            spriteList.set(id,spr);\n            setSprites();\n        }\n    },\n    getById(id) { return spriteList.get(id) },\n    update,\n};\nsetSprites();\nreturn API;",
                    "textColor": "#FFF",
                    "type": "Compiled"
                }
            }
        ],
        "groups": [],
        "collections": [],
        "timeline": {
            "keyStore": {
                "names": [],
                "keyIds": []
            }
        },
        "animation": {
            "time": 0,
            "start": 0,
            "end": 120,
            "length": 120,
            "speed": 1
        },
        "kinematics": []
    }
}