{
    "info": {
        "app": "painterv3",
        "date": "2020-09-17T13:52:28.591Z",
        "id": 26250,
        "author": "Blindman67",
        "copyright": "All content copyright Blindman67. All rights reserved. 2018-200",
        "scene": "Vanish controls",
        "type": "scene"
    },
    "scene": {
        "sprites": [{
                "name": "Vanish Guide",
                "id": 26220,
                "x": -406.84,
                "y": 20,
                "h": 174.35,
                "rx": -50.25615,
                "ry": -48.685353,
                "locks": {
                    "scale": true,
                    "rotate": true
                },
                "rgb": "#FF0000",
                "a": 0.5,
                "gridY": 8,
                "lookat": [26221, 0, 0],
                "type": "vanish"
            }, {
                "name": "Center Line",
                "id": 26221,
                "x": 98.7,
                "y": 24.72,
                "w": 64,
                "h": 64,
                "locks": {
                    "scale": true,
                    "rotate": true
                },
                "rgb": "#FF0000",
                "type": "cutter"
            }, {
                "name": "Outer Near",
                "id": 26222,
                "x": -122.92,
                "y": -169.51,
                "w": 64,
                "h": 64,
                "locks": {
                    "scale": true,
                    "rotate": true
                },
                "rgb": "#FF0000",
                "type": "cutter"
            }, {
                "name": "Outer Far",
                "id": 26223,
                "x": 54.44,
                "y": -287.9,
                "w": 32,
                "h": 32,
                "locks": {
                    "scale": true,
                    "rotate": true
                },
                "rgb": "#FF0000",
                "type": "cutter"
            }, {
                "name": "Vanish Guide function link",
                "id": 26249,
                "x": 88.7,
                "y": -492.93,
                "w": 96,
                "h": 16,
                "hidden": true,
                "locks": {
                    "scale": true,
                    "rotate": true
                },
                "rgb": "#88ff88",
                "type": "fLink",
                "fLink": {
                    "inputs": [26220, 26223, 26221, 26222],
                    "outputs": [26220],
                    "linked": [26220, 26221, 26222, 26223],
                    "source": "var A, B, C, D, cc, vx2, vy2;\nconst spriteIDS = [26220, 26223, 26222, 26221];\nconst spriteList = sprites.createIdMapOf(spriteIDS);\nconst vals = [];\nfunction update() {\n    if (!API.active) { return }\n    A.y += cc * vy2;\n    A.x += cc * vx2;\n    A.key.update();\n    const vx1 = B.x - C.x, vy1 = B.y - C.y;\n    vx2 = D.x - A.x;\n    vy2 = D.y - A.y;\n    const c = Math.vecCross2d(vx1, vy1, vx2, vy2);\n    cc = Math.vecCross2d(vx1, vy1, C.x - A.x, C.y - A.y) / (c ? c : 1);\n    A.setScale(A.sx, ((Math.tan(Math.acosc(Math.uVecDot2d(vx1, vy1, vx2, vy2))) * ((A.type.normalisable ? A.w : A.w * A.sx)) * 0.5) * 2) / A.h);\n    API.updateWidget = A.selected;\n}\n\nvar linkCount = 0;\nvar linksCount = 0;\nfunction getSprite(id) {\n    const spr = spriteList.get(id);\n    linksCount ++;\n    spr && (linkCount ++);\n    return spr;\n}\nfunction setSprites() {\n    linksCount = linkCount = 0\n    A = getSprite(26220);\n    B = getSprite(26223);\n    C = getSprite(26222);\n    D = getSprite(26221);\n    API.active = linksCount === linkCount;\n    reset();\n}\nfunction reset() { vx2 = vy2 = cc = 0 }\nconst API = {\n    updateWidget:false,\n    active: false,\n    reset,\n    spriteIDS,\n    spriteList,\n    inputs: [],\n    outputs: [],\n    bind(spr, id) {\n        if(spriteList.has(id)) {\n            spriteList.set(id,spr);\n            setSprites();\n        }\n    },\n    getById(id) { return spriteList.get(id) },\n    update,\n};\nsetSprites();\nreturn API;",
                    "textColor": "#F00",
                    "type": "Compiled"
                }
            }
        ],
        "vectors": [],
        "groups": [],
        "collections": [],
        "timeline": {
            "keyStore": {
                "names": [],
                "keyIds": []
            }
        },
        "animation": {
            "time": 0,
            "start": 0,
            "end": 120,
            "length": 120,
            "speed": 1
        },
        "kinematics": [],
        "media": []
    }
}