{
  "name": "PainterV3",
  "short_name": "PainterV3",
  "icons": [{
    "src": "icons/icon-128x128.png",
      "sizes": "128x128",
      "type": "image/png"
    }, {
      "src": "icons/icon-144x144.png",
      "sizes": "144x144",
      "type": "image/png"
    }, {
      "src": "icons/icon-152x152.png",
      "sizes": "152x152",
      "type": "image/png"
    }, {
      "src": "icons/icon-192x192.png",
      "sizes": "192x192",
      "type": "image/png"
    }, {
      "src": "icons/icon-256x256.png",
      "sizes": "256x256",
      "type": "image/png"
    }],
  "start_url": "/PainterV3App.html",
  "display": "standalone",
  "background_color": "#418e8e",
  "theme_color": "#5bb4b4"
}
